{"cameraMode":{"drawMode":0,"name":"Shaded","section":"Shading Mode"},"sceneLighting":false,"audioPlay":false,"sceneViewState":{"m_AlwaysRefresh":false,"showFog":true,"showSkybox":false,"showFlares":true,"showImageEffects":true,"showParticleSystems":true,"showVisualEffectGraphs":true,"m_FxEnabled":true},"in2DMode":false,"pivot":{"x":0.000004991888999938965,"y":0.02053666114807129,"z":0.009146347641944886},"rotation":{"x":0.1374395489692688,"y":-0.31501302123069765,"z":0.04617670178413391,"w":0.9379520416259766},"size":0.573108971118927,"orthographic":false}