{"cameraMode":{"drawMode":0,"name":"Shaded","section":"Shading Mode"},"sceneLighting":false,"audioPlay":false,"sceneViewState":{"m_AlwaysRefresh":false,"showFog":true,"showSkybox":false,"showFlares":true,"showImageEffects":true,"showParticleSystems":true,"showVisualEffectGraphs":true,"m_FxEnabled":true},"in2DMode":false,"pivot":{"x":0.0003144890069961548,"y":0.18824319541454316,"z":0.017333336174488069},"rotation":{"x":0.12493641674518585,"y":-0.3684832751750946,"z":0.05006301775574684,"w":0.919849693775177},"size":0.654528796672821,"orthographic":false}