{"cameraMode":{"drawMode":0,"name":"Shaded","section":"Shading Mode"},"sceneLighting":false,"audioPlay":false,"sceneViewState":{"m_AlwaysRefresh":false,"showFog":true,"showSkybox":false,"showFlares":true,"showImageEffects":true,"showParticleSystems":true,"showVisualEffectGraphs":true,"m_FxEnabled":true},"in2DMode":false,"pivot":{"x":-0.07461082935333252,"y":-0.5773857235908508,"z":0.16220712661743165},"rotation":{"x":0.06891067326068878,"y":0.931034505367279,"z":-0.2591734230518341,"w":0.24748463928699494},"size":2.890852451324463,"orthographic":false}