{"cameraMode":{"drawMode":0,"name":"Shaded","section":"Shading Mode"},"sceneLighting":false,"audioPlay":false,"sceneViewState":{"m_AlwaysRefresh":false,"showFog":true,"showSkybox":false,"showFlares":true,"showImageEffects":true,"showParticleSystems":true,"showVisualEffectGraphs":true,"m_FxEnabled":true},"in2DMode":false,"pivot":{"x":0.016647398471832277,"y":1.306896686553955,"z":0.26546037197113039},"rotation":{"x":0.08929511159658432,"y":0.8735970258712769,"z":-0.1752825677394867,"w":0.445208340883255},"size":1.1660254001617432,"orthographic":false}