{"cameraMode":{"drawMode":0,"name":"Shaded","section":"Shading Mode"},"sceneLighting":false,"audioPlay":false,"sceneViewState":{"m_AlwaysRefresh":false,"showFog":true,"showSkybox":false,"showFlares":true,"showImageEffects":true,"showParticleSystems":true,"showVisualEffectGraphs":true,"m_FxEnabled":true},"in2DMode":false,"pivot":{"x":-0.07520011067390442,"y":0.14517387747764588,"z":-0.04722249507904053},"rotation":{"x":0.018935343250632287,"y":0.9179264903068543,"z":-0.04408976063132286,"w":0.3938545882701874},"size":0.4484013319015503,"orthographic":false}