{"cameraMode":{"drawMode":0,"name":"Shaded","section":"Shading Mode"},"sceneLighting":false,"audioPlay":false,"sceneViewState":{"m_AlwaysRefresh":false,"showFog":true,"showSkybox":false,"showFlares":true,"showImageEffects":true,"showParticleSystems":true,"showVisualEffectGraphs":true,"m_FxEnabled":true},"in2DMode":false,"pivot":{"x":0.00916069746017456,"y":0.8904908299446106,"z":0.11691519618034363},"rotation":{"x":0.025101283565163614,"y":0.9493054151535034,"z":-0.07849275320768357,"w":0.30336880683898928},"size":1.3064887523651124,"orthographic":false}