{"cameraMode":{"drawMode":0,"name":"Shaded","section":"Shading Mode"},"sceneLighting":false,"audioPlay":false,"sceneViewState":{"m_AlwaysRefresh":false,"showFog":true,"showSkybox":false,"showFlares":true,"showImageEffects":true,"showParticleSystems":true,"showVisualEffectGraphs":true,"m_FxEnabled":true},"in2DMode":false,"pivot":{"x":0.15171289443969727,"y":0.02853238582611084,"z":0.18232154846191407},"rotation":{"x":-0.18116657435894013,"y":-0.4732312560081482,"z":0.10011923313140869,"w":-0.8562613725662231},"size":6.579137325286865,"orthographic":false}