{"cameraMode":{"drawMode":0,"name":"Shaded","section":"Shading Mode"},"sceneLighting":false,"audioPlay":false,"sceneViewState":{"m_AlwaysRefresh":false,"showFog":true,"showSkybox":false,"showFlares":true,"showImageEffects":true,"showParticleSystems":true,"showVisualEffectGraphs":true,"m_FxEnabled":true},"in2DMode":false,"pivot":{"x":-0.0754932314157486,"y":1.2401096820831299,"z":0.38635003566741946},"rotation":{"x":0.00000854078825796023,"y":-0.9755098819732666,"z":0.22019284963607789,"w":0.0002838535001501441},"size":0.9993817210197449,"orthographic":false}