{"cameraMode":{"drawMode":0,"name":"Shaded","section":"Shading Mode"},"sceneLighting":false,"audioPlay":false,"sceneViewState":{"m_AlwaysRefresh":false,"showFog":true,"showSkybox":false,"showFlares":true,"showImageEffects":true,"showParticleSystems":true,"showVisualEffectGraphs":true,"m_FxEnabled":true},"in2DMode":false,"pivot":{"x":-0.12403315305709839,"y":0.8904908299446106,"z":0.11691519618034363},"rotation":{"x":0.0019772909581661226,"y":0.9980225563049316,"z":-0.04644297808408737,"w":0.04225458577275276},"size":1.6294043064117432,"orthographic":false}