{"cameraMode":{"drawMode":0,"name":"Shaded","section":"Shading Mode"},"sceneLighting":true,"audioPlay":false,"sceneViewState":{"m_AlwaysRefresh":false,"showFog":true,"showSkybox":true,"showFlares":true,"showImageEffects":true,"showParticleSystems":true,"showVisualEffectGraphs":true,"m_FxEnabled":true},"in2DMode":false,"pivot":{"x":0.0692017674446106,"y":0.08258181810379029,"z":-0.7999739050865173},"rotation":{"x":-0.3662363886833191,"y":-0.15276508033275605,"z":0.06109021604061127,"w":-0.9158813953399658},"size":1.006066083908081,"orthographic":false}