{"cameraMode":{"drawMode":0,"name":"Shaded","section":"Shading Mode"},"sceneLighting":true,"audioPlay":false,"sceneViewState":{"m_AlwaysRefresh":false,"showFog":true,"showSkybox":true,"showFlares":true,"showImageEffects":true,"showParticleSystems":true,"showVisualEffectGraphs":true,"m_FxEnabled":true},"in2DMode":false,"pivot":{"x":3.2871222496032717,"y":-1.5069199800491334,"z":-7.683414459228516},"rotation":{"x":0.01118878647685051,"y":0.9887892603874207,"z":-0.11171446740627289,"w":0.09914882481098175},"size":4.382452011108398,"orthographic":false}