{"cameraMode":{"drawMode":0,"name":"Shaded","section":"Shading Mode"},"sceneLighting":true,"audioPlay":false,"sceneViewState":{"m_AlwaysRefresh":false,"showFog":true,"showSkybox":true,"showFlares":true,"showImageEffects":true,"showParticleSystems":true,"showVisualEffectGraphs":true,"m_FxEnabled":true},"in2DMode":false,"pivot":{"x":-2.1727542877197267,"y":0.12014409899711609,"z":-2.9345600605010988},"rotation":{"x":-0.10007185488939285,"y":-0.8802127242088318,"z":0.21400396525859834,"w":-0.411600798368454},"size":4.470486640930176,"orthographic":false}