{"cameraMode":{"drawMode":0,"name":"Shaded","section":"Shading Mode"},"sceneLighting":true,"audioPlay":false,"sceneViewState":{"m_AlwaysRefresh":false,"showFog":true,"showSkybox":true,"showFlares":true,"showImageEffects":true,"showParticleSystems":true,"showVisualEffectGraphs":true,"m_FxEnabled":true},"in2DMode":false,"pivot":{"x":-0.5247056484222412,"y":-0.9966446161270142,"z":-4.71995735168457},"rotation":{"x":0.01429028995335102,"y":0.9838256239891052,"z":-0.15322168171405793,"w":0.09176047146320343},"size":3.1161601543426515,"orthographic":false}