{"cameraMode":{"drawMode":0,"name":"Shaded","section":"Shading Mode"},"sceneLighting":false,"audioPlay":false,"sceneViewState":{"m_AlwaysRefresh":false,"showFog":true,"showSkybox":false,"showFlares":true,"showImageEffects":true,"showParticleSystems":true,"showVisualEffectGraphs":true,"m_FxEnabled":true},"in2DMode":false,"pivot":{"x":0.676673412322998,"y":0.5227146148681641,"z":0.31903985142707827},"rotation":{"x":-0.08738694339990616,"y":-0.8405678272247315,"z":0.1425589621067047,"w":-0.5152469277381897},"size":0.13163162767887116,"orthographic":false}